620,601,682,622,663,677,718,724,911,738,628,580,801,654,608,769,694,876,559
617,593,693,626,651,696,716,717,946,734,631,582,800,661,617,774,691,854,560
615,591,711,633,635,684,711,720,965,729,629,592,827,669,615,778,682,816,562
615,590,731,637,669,677,718,722,975,728,621,581,823,680,621,778,668,837,565
618,599,689,637,678,672,717,756,984,729,620,579,861,687,602,773,655,876,566
618,623,704,642,675,665,713,778,968,747,624,580,848,688,631,763,648,886,566
615,631,684,648,653,658,702,778,1011,754,615,583,855,687,612,754,650,844,567
616,656,683,646,651,656,688,786,1015,775,607,588,867,681,630,748,647,900,564
604,635,662,643,677,649,678,767,942,792,606,582,861,680,634,751,661,910,564
613,664,653,646,655,656,672,760,979,806,608,591,875,681,635,746,651,911,562
609,671,651,644,654,653,670,770,1013,781,604,589,857,679,631,754,651,894,562
606,647,642,640,669,659,667,759,1003,767,594,592,807,679,640,750,668,888,561
612,631,628,635,672,658,682,786,982,765,596,594,820,664,626,742,680,896,560
603,628,617,638,671,657,683,801,1014,755,607,595,793,670,629,740,709,838,562
593,640,616,639,662,654,713,806,1009,743,607,588,790,673,644,756,699,818,562
585,623,633,638,660,646,717,825,956,741,608,590,801,694,642,793,669,809,562
578,630,673,640,673,653,732,825,993,736,604,578,776,687,626,797,704,827,565
572,636,714,644,649,642,729,831,972,764,610,585,765,696,631,808,689,883,566
567,641,690,638,646,641,737,846,923,731,623,582,746,685,634,798,702,843,569
564,621,689,640,648,641,730,829,945,742,616,586,727,686,627,765,698,825,570
568,625,718,643,675,637,727,862,965,708,610,590,776,683,634,752,663,815,571
547,619,696,639,681,640,729,882,977,746,612,579,733,682,642,764,684,796,573
533,615,670,640,665,651,733,832,930,697,604,576,792,675,635,763,680,809,573
535,631,674,634,674,655,723,837,948,682,597,573,831,668,656,779,659,821,572
545,640,686,633,679,656,729,862,962,683,598,578,848,658,657,761,687,906,576
555,633,666,633,676,657,716,801,965,703,597,573,794,659,656,758,707,865,574
562,623,656,629,647,659,707,771,914,725,602,575,806,660,649,760,714,880,576
590,628,702,626,646,659,704,836,947,703,600,573,791,667,650,747,702,817,578
601,622,690,625,668,662,711,816,962,776,593,566,777,662,621,744,685,803,578
612,627,716,627,664,658,700,785,956,737,600,565,740,663,644,755,699,780,577
602,623,757,624,650,656,709,823,946,778,599,558,745,664,638,778,681,767,579
606,625,743,628,643,654,707,841,968,705,594,553,727,673,628,780,665,798,578
596,633,761,629,644,647,707,810,944,706,586,557,736,679,642,793,659,881,577
597,611,772,626,626,631,703,832,919,687,592,561,760,676,622,795,643,873,575
592,608,743,624,630,640,712,845,951,671,591,556,762,668,604,777,665,820,572
599,609,705,626,649,646,717,812,956,690,584,561,789,671,623,783,689,784,569
595,599,723,625,643,646,721,821,925,705,585,561,828,670,620,782,719,775,565
601,598,749,625,629,652,722,791,949,762,587,564,822,666,613,780,688,757,567
600,597,767,626,644,663,722,809,971,813,586,562,826,665,634,772,729,781,562
606,592,738,624,643,669,734,796,952,818,577,559,822,657,647,758,702,825,564
612,611,762,621,640,681,737,779,920,824,580,560,808,654,649,735,709,897,564
605,611,785,620,621,676,725,799,950,798,583,550,779,672,646,766,708,829,564
610,613,753,621,622,681,735,781,964,798,580,559,754,661,672,798,686,782,564
604,616,760,619,636,676,729,788,923,754,585,590,730,664,672,800,707,766,564
604,630,750,619,613,663,723,799,946,754,600,575,727,663,630,812,691,749,565
606,646,716,621,612,663,727,778,970,750,610,570,694,660,635,789,686,762,565
604,602,688,621,631,658,724,772,964,741,605,568,701,645,622,760,708,782,563
596,605,702,624,617,656,720,770,917,738,609,572,696,647,638,751,691,742,564
598,617,693,629,640,663,722,758,937,754,611,577,740,639,651,745,673,797,562
605,631,674,630,649,661,729,742,952,765,610,591,790,633,666,733,690,866,562
607,615,678,630,647,666,734,735,920,764,596,591,781,627,661,788,719,852,563
604,616,681,633,633,658,725,728,933,752,594,588,782,630,657,797,711,862,563
585,611,696,639,625,659,730,715,967,713,604,602,787,631,653,817,670,910,564
575,608,721,633,641,659,738,699,970,761,599,602,780,629,665,813,692,931,565
573,608,707,635,651,658,732,697,947,741,591,614,807,628,656,808,714,870,567
570,606,719,640,632,656,733,704,986,750,591,604,776,631,659,819,721,850,571
566,623,779,642,617,664,739,708,995,707,592,611,763,642,681,774,698,833,570
551,634,763,640,633,680,742,696,942,736,585,611,734,643,683,803,732,825,571
543,639,747,645,648,684,735,689,973,714,576,601,723,644,677,797,720,853,575
532,633,758,641,680,668,736,679,967,739,577,605,708,639,706,752,706,863,574
528,630,735,642,652,687,735,666,923,744,574,603,713,638,691,747,714,879,573
538,636,750,646,633,695,735,650,960,729,572,603,750,644,651,754,687,853,574
548,630,763,649,655,703,728,660,980,731,564,596,732,662,660,753,687,839,573
557,624,730,648,661,687,727,657,979,742,570,595,725,653,623,771,692,821,571
569,623,736,646,647,694,729,665,972,757,572,593,721,656,664,785,688,821,570
591,618,713,655,638,699,722,664,994,739,568,587,739,655,620,767,673,826,567
631,618,707,652,649,698,729,677,997,733,562,591,779,657,641,773,669,885,565
625,621,694,650,642,692,730,671,956,749,566,605,750,661,646,772,688,900,563
613,635,688,653,650,678,741,684,979,737,570,605,768,671,664,787,707,923,559
604,624,702,650,622,672,738,682,971,749,568,602,769,667,655,781,723,873,557
606,643,715,646,619,674,740,696,922,776,558,611,762,653,674,790,720,853,555
607,635,725,646,633,673,738,703,944,760,550,609,744,649,695,760,695,832,553
609,652,730,647,634,659,743,695,959,740,551,621,748,661,688,750,697,828,556
615,645,721,646,623,660,731,718,939,753,556,615,737,660,671,731,718,834,556
619,635,733,649,621,662,728,719,949,748,554,612,739,661,675,718,733,866,558
605,637,729,655,647,680,725,741,979,733,550,616,769,649,670,713,727,896,559
599,643,718,651,666,687,723,748,968,769,546,602,817,649,681,698,696,903,560
611,646,731,654,650,707,718,738,938,767,553,604,810,651,656,693,680,860,561
612,640,721,657,635,697,723,759,967,770,555,598,837,655,629,693,685,868,563
609,641,688,659,661,715,718,745,968,768,554,596,832,651,628,696,684,883,563
602,631,695,658,665,687,723,747,945,768,551,600,853,646,626,703,687,924,566
603,649,677,661,681,687,723,761,948,780,558,593,837,643,651,740,664,883,568
604,654,694,664,671,678,727,750,957,782,561,607,847,638,657,765,652,834,570
604,649,702,664,684,662,720,789,954,797,554,594,824,635,674,767,658,833,575
597,634,702,663,692,662,720,774,918,806,551,594,832,645,689,782,672,869,574
598,626,727,668,691,652,725,761,950,779,549,588,799,636,703,781,687,886,575
598,644,721,670,660,651,724,785,964,777,550,575,763,654,697,771,687,873,577
604,646,713,664,640,647,724,782,942,763,547,581,756,639,704,750,682,843,576
604,652,731,668,655,648,720,778,934,772,541,570,724,645,658,743,666,837,575
612,631,713,670,668,639,724,801,948,778,542,570,758,652,661,728,676,842,575
602,632,705,667,669,626,724,790,949,779,543,576,788,643,646,745,680,874,572
601,642,681,665,660,630,725,775,913,752,545,576,775,646,651,785,687,911,570
598,636,669,671,679,646,725,796,943,742,541,572,794,659,646,796,675,887,570
597,633,662,669,695,661,726,775,964,733,542,567,775,664,662,771,660,848,568
596,620,643,668,683,679,722,764,962,731,546,561,781,669,687,784,662,840,569
595,635,647,668,651,679,720,777,958,744,549,559,801,663,689,779,679,854,566
599,633,641,668,652,675,717,771,976,795,548,555,790,673,701,782,706,850,567
599,626,627,663,662,679,717,772,977,815,543,556,802,674,717,765,725,869,568
610,624,626,662,679,681,717,791,939,834,545,553,834,680,714,764,711,910,567
606,622,626,666,654,673,719,785,961,842,552,551,828,680,683,801,690,914,568
601,639,622,662,638,657,723,772,974,838,558,552,836,683,684,810,678,844,570
601,631,613,658,652,646,719,779,969,831,554,555,821,678,656,831,689,919,568
610,624,613,663,673,647,720,786,946,818,551,556,827,679,639,821,699,849,568
602,621,615,668,676,659,717,776,982,796,558,560,817,678,662,792,713,852,567
597,621,614,663,651,673,725,779,988,800,560,567,790,680,687,779,709,836,569
598,632,621,670,660,689,721,801,983,789,562,570,828,682,695,784,677,833,568
602,644,626,670,693,706,725,796,976,777,559,587,846,685,684,804,676,851,567
603,643,632,670,681,726,725,788,985,767,558,589,823,678,699,824,681,869,567
598,633,635,667,662,735,728,799,966,775,562,595,867,672,709,838,688,900,567
599,629,630,669,653,727,729,800,944,776,563,587,875,680,701,816,692,902,566
592,633,629,670,647,744,730,792,971,762,562,572,857,673,729,790,671,905,566
596,626,633,663,627,745,728,803,970,779,558,559,888,672,750,756,672,841,565
595,641,625,658,617,765,733,795,940,761,562,562,854,668,703,730,678,877,566
590,626,625,657,640,749,739,772,957,761,563,560,818,663,689,728,715,851,566
593,633,637,654,654,738,741,796,972,761,566,557,846,671,673,747,721,839,566
598,648,641,646,665,721,741,788,973,743,562,550,843,675,661,788,728,833,567
597,600,650,649,647,704,743,772,951,731,568,556,799,680,647,806,732,840,570
597,599,663,646,672,711,744,790,979,727,571,563,798,676,671,805,730,887,571
590,649,650,647,667,709,744,785,989,736,573,566,770,673,692,785,703,891,573
589,625,676,640,669,706,736,771,956,694,572,571,777,683,698,795,690,889,576
594,628,659,640,639,692,736,774,977,766,563,586,750,684,685,839,678,874,576
599,639,659,637,662,694,735,775,983,770,558,584,760,687,713,866,672,837,578
599,635,676,632,652,690,732,755,964,780,561,583,769,687,724,854,670,833,578
598,630,687,629,638,692,733,754,944,787,563,590,799,684,658,848,669,817,578
594,642,663,632,645,682,734,775,970,789,558,586,780,694,633,836,652,820,577
596,646,673,630,670,687,740,760,977,773,551,590,779,690,639,800,651,861,575
600,655,699,635,676,683,734,751,932,750,547,593,801,685,647,788,659,869,574
603,663,704,633,652,674,734,745,881,744,549,603,771,680,642,789,656,882,575
595,664,728,639,645,669,731,726,841,770,550,599,746,672,652,803,674,853,574
601,647,761,645,653,687,734,718,809,800,550,594,770,670,654,825,663,840,576
605,665,791,640,667,707,740,714,784,797,549,601,743,672,668,823,640,831,576
601,667,773,643,651,720,729,720,763,771,561,595,772,660,663,821,648,821,579
599,667,811,647,650,703,728,760,765,771,575,602,789,658,646,817,665,834,579
595,664,825,646,651,697,731,754,719,771,585,600,813,651,623,806,642,895,582
597,639,790,641,646,702,727,738,708,766,593,595,818,656,615,812,651,890,581
597,653,797,641,627,695,728,758,733,767,600,592,790,650,621,826,651,889,582
600,664,814,645,632,685,729,770,686,747,601,598,784,650,607,826,638,883,581
604,647,771,639,648,680,733,774,675,775,611,594,774,646,627,828,631,845,580
594,646,789,637,651,674,727,761,663,804,608,596,817,647,671,834,638,833,579
593,630,800,639,638,687,729,785,659,816,601,598,854,646,715,815,634,826,579
596,629,778,641,645,697,732,763,636,829,593,606,871,649,671,808,633,811,580
595,645,786,640,651,696,737,760,632,846,592,607,861,640,686,797,631,831,580
588,655,805,639,646,710,746,771,646,818,591,604,810,628,709,797,642,860,582
589,635,788,644,653,739,739,770,641,817,588,604,795,615,717,793,653,885,585
581,636,823,644,626,724,740,763,648,798,583,602,734,642,757,795,674,815,583
573,629,809,641,632,731,735,783,664,770,587,591,742,632,729,788,700,876,587
567,627,784,645,625,724,729,775,675,749,585,591,773,625,739,785,707,808,586
560,646,813,646,616,702,730,771,684,755,582,585,821,626,737,786,712,797,586
556,646,805,643,606,695,724,796,666,773,575,585,833,634,747,796,701,797,584
547,641,787,644,600,689,720,789,670,787,575,581,808,646,697,807,676,814,580
545,629,839,647,599,676,716,780,703,791,576,583,800,638,689,813,706,845,577
547,630,812,642,601,657,717,798,698,812,576,585,785,644,675,808,702,885,572
562,642,795,643,603,642,722,798,698,848,574,597,763,641,685,796,675,912,570
564,646,807,645,596,645,728,786,689,863,566,610,744,646,676,762,685,895,567
574,638,786,641,600,646,728,795,689,859,569,604,731,646,676,757,697,854,563
591,636,742,640,632,649,733,793,677,837,579,606,724,657,683,745,685,820,562
607,622,759,644,667,656,733,782,663,846,580,604,729,652,666,766,660,813,558
606,641,773,641,662,663,742,801,653,839,573,611,754,656,663,769,662,808,558
598,648,770,637,639,673,735,803,646,805,572,605,776,650,654,788,677,825,553
602,645,754,643,628,684,742,787,646,794,575,604,768,645,671,769,682,884,554
601,635,768,640,651,678,741,771,647,760,585,604,788,636,667,748,670,877,552
600,629,755,637,651,685,741,775,649,770,588,592,773,631,692,730,692,838,547
598,621,752,642,656,690,741,757,662,776,588,590,812,634,727,722,706,852,546
594,625,768,645,634,683,735,751,678,783,589,587,822,643,736,727,692,899,545
595,639,745,642,628,670,732,778,682,809,587,588,787,636,740,741,676,833,545
598,624,749,650,640,667,731,793,688,827,590,590,774,637,751,728,704,838,544
606,621,751,650,653,669,736,780,688,823,593,589,774,643,743,710,710,829,547
607,624,723,649,631,679,735,799,688,806,588,600,771,631,694,693,699,851,548
610,624,734,650,630,689,738,788,695,775,583,596,798,645,674,697,672,870,548
608,637,729,654,638,699,742,810,686,765,576,596,795,642,687,710,673,873,550
611,625,706,653,646,718,746,819,669,742,572,594,841,642,670,733,684,890,549
616,629,710,652,641,724,744,802,661,741,578,597,799,651,687,732,689,865,547
611,619,700,653,631,721,746,818,652,759,582,585,777,652,689,731,671,849,549
614,614,670,653,631,721,747,801,634,786,578,581,765,658,695,730,680,836,548
610,629,670,648,640,735,742,800,635,791,574,580,734,655,695,716,696,820,546
620,619,685,650,656,727,740,813,640,773,581,578,721,659,687,690,700,821,547
608,624,669,654,655,727,730,812,646,781,586,575,722,646,684,712,699,834,546
604,621,691,648,677,744,717,817,671,771,585,578,699,650,692,764,719,859,543
600,623,711,652,689,743,710,813,690,755,580,577,724,652,690,787,732,885,543
602,625,700,654,683,736,708,810,686,750,578,583,733,654,688,801,706,895,539
602,619,691,648,664,735,702,811,689,738,586,589,760,647,682,790,703,835,538
596,618,699,649,671,737,698,819,696,737,589,591,754,655,688,782,709,875,539
586,621,698,653,659,731,704,814,694,732,585,591,763,654,681,794,702,900,536
595,619,693,653,651,738,712,841,711,749,580,590,759,655,670,780,680,829,537
590,625,697,655,638,735,721,853,712,763,585,589,778,641,676,752,671,818,537
594,629,716,660,646,738,716,833,717,794,594,600,759,650,692,740,676,827,539
604,624,708,660,651,742,716,832,727,796,590,592,751,648,687,763,680,830,536
602,616,704,660,668,742,716,825,730,785,590,596,741,650,715,806,681,881,535
616,619,701,666,645,741,722,805,738,792,588,588,742,651,685,802,670,895,538
613,628,689,669,664,736,719,806,760,783,590,588,735,634,728,786,689,892,534
607,630,699,668,665,739,714,831,770,768,584,588,756,647,714,764,703,892,536
610,635,729,670,687,745,719,809,771,731,584,585,750,643,726,744,708,854,536
604,612,736,675,656,751,719,812,756,720,592,578,776,636,720,754,690,835,534
609,609,726,674,669,773,721,848,762,728,596,577,752,653,729,761,688,827,536
604,604,753,673,676,781,722,821,769,723,600,578,757,641,687,758,692,824,537
597,600,743,667,682,786,720,813,780,737,597,578,772,647,699,729,687,825,538
600,600,744,674,660,760,718,835,777,762,594,582,753,641,670,770,681,875,539
602,590,772,673,666,768,722,831,771,774,594,600,784,640,672,759,687,903,542
597,581,732,676,665,770,717,814,801,777,599,607,812,643,676,800,697,912,543
593,575,734,674,669,760,721,822,808,756,594,605,838,647,694,801,700,907,546
589,567,745,671,653,748,715,815,803,700,588,600,852,654,729,777,677,886,547
588,565,741,678,663,718,723,805,799,684,583,601,821,646,717,759,668,858,547
595,567,736,679,661,690,716,822,811,672,587,599,812,648,754,740,670,845,549
594,570,745,674,667,686,713,803,788,676,584,600,819,656,736,764,677,830,552
592,572,730,669,658,704,712,767,768,707,582,599,825,660,715,753,681,817,550
587,597,731,670,668,718,715,749,749,745,578,597,830,660,717,775,676,816,551
585,609,755,671,668,735,714,733,724,746,576,589,792,657,687,758,662,856,555
582,646,776,669,660,761,714,724,729,764,586,600,794,654,687,746,654,858,553
585,639,786,664,656,768,712,713,723,762,598,587,771,666,675,726,662,814,552
593,646,806,665,662,767,712,709,719,746,600,584,776,669,671,738,671,887,553
590,646,799,670,661,741,716,727,728,728,596,586,787,671,669,731,672,833,552
586,664,797,658,648,736,714,745,755,729,597,587,826,678,663,721,677,833,551
585,658,832,654,656,727,715,701,790,720,605,583,832,665,657,713,671,835,551
592,664,789,657,665,729,712,693,832,712,606,576,813,676,673,707,672,825,550
592,644,804,650,673,734,715,698,875,726,609,573,828,684,694,716,676,852,552
589,653,814,645,653,732,711,683,864,725,607,576,829,687,704,692,679,883,550
592,656,822,645,671,743,712,681,877,717,611,573,824,684,750,693,669,892,550
590,649,835,646,666,734,714,702,877,729,614,575,840,672,754,709,673,900,552
561,650,841,640,644,742,714,685,869,716,620,580,822,675,738,709,682,857,550
567,634,823,640,670,746,711,699,840,717,613,576,856,677,726,696,666,818,552
591,651,804,644,680,748,716,708,842,710,620,580,850,682,695,726,646,798,550
596,649,807,645,684,761,721,721,841,712,616,581,831,684,682,753,655,785,552
585,651,820,640,667,767,722,747,840,716,613,578,865,685,668,780,665,777,553
584,657,817,644,679,761,729,770,816,704,608,578,858,676,646,806,659,786,554
587,641,820,644,682,715,721,763,794,709,604,574,840,670,646,775,640,807,556
591,642,829,640,666,680,720,782,806,719,599,576,864,664,647,751,643,854,555
590,654,838,646,649,673,714,771,813,729,602,579,868,664,656,763,640,857,554
592,650,780,641,667,696,709,766,823,715,591,577,865,664,677,783,632,833,555
597,652,742,641,653,724,702,743,815,718,588,578,899,667,683,781,629,764,552
596,645,736,649,668,722,701,719,828,728,580,578,864,668,694,805,634,750,553
598,640,773,647,642,732,698,707,852,782,581,578,869,663,705,810,629,746,550
593,646,812,648,633,755,700,687,860,773,586,580,829,663,706,780,646,751,548
601,657,779,654,617,764,698,714,842,787,582,579,808,649,699,782,650,872,548
604,659,796,651,605,804,705,685,854,784,582,585,810,652,701,764,644,869,547
610,638,792,652,599,806,708,671,843,765,576,584,797,661,688,775,668,901,543
611,652,744,654,596,803,709,667,824,771,592,585,807,651,672,755,672,869,544
607,656,760,654,605,810,712,686,807,762,604,588,824,652,671,730,655,831,542
599,673,742,653,601,796,717,705,816,750,609,601,854,645,664,740,671,813,542
596,664,733,653,607,760,715,712,817,732,606,601,857,646,670,779,667,801,541
599,651,755,655,601,751,725,714,820,744,605,596,877,649,665,817,652,800,541
600,645,771,653,592,757,727,718,798,741,608,600,840,649,677,822,664,828,543
599,644,752,661,589,758,722,729,810,754,617,596,848,646,676,804,667,840,543
613,651,777,659,595,758,722,729,818,785,625,599,819,646,681,791,649,845,543
607,659,787,653,600,783,725,744,824,795,614,595,815,646,688,768,679,831,543
608,653,771,653,604,766,728,751,812,797,610,596,833,639,680,784,686,828,545
610,644,756,657,624,741,721,746,820,782,606,591,845,629,679,792,675,803,546
612,643,717,655,663,751,718,765,830,768,611,591,826,634,682,802,701,804,547
608,644,723,655,634,752,721,769,836,724,610,594,874,628,681,811,695,812,548
612,656,693,661,636,764,729,788,825,719,606,591,908,620,689,813,677,810,550
602,656,680,662,650,760,731,780,821,766,599,594,929,620,701,794,698,832,554
608,634,678,657,650,789,729,777,833,806,601,595,875,625,690,777,701,848,557
604,651,658,664,640,770,729,775,835,819,602,600,857,630,681,785,676,862,561
613,644,659,667,640,727,739,777,816,782,597,604,866,640,687,804,697,840,562
611,653,644,660,617,710,741,779,830,798,588,611,815,670,675,838,685,826,563
610,664,645,661,625,698,734,772,827,783,583,609,821,643,662,826,681,805,562
595,650,661,668,641,685,733,765,833,766,582,611,806,653,673,780,698,810,560
587,644,649,664,670,678,729,770,817,738,590,610,795,648,662,774,690,824,560
582,639,670,661,692,675,729,762,834,728,590,602,762,648,653,790,695,821,559
585,644,679,668,699,680,722,768,847,725,587,587,771,658,674,820,713,827,556
585,647,682,664,672,689,716,773,855,742,596,591,743,661,673,814,708,805,557
572,673,677,656,675,694,715,771,841,759,604,590,715,658,686,783,712,811,555
596,673,691,659,686,701,711,790,867,776,612,586,735,666,715,785,724,814,554
592,660,688,654,681,730,704,776,867,792,604,583,758,661,722,774,696,837,555
587,651,682,651,657,769,705,789,847,793,599,585,792,656,722,739,712,832,555
589,654,666,653,663,777,702,822,844,796,604,588,799,667,741,727,700,821,555
589,655,662,652,681,787,702,793,856,785,611,587,774,669,743,732,684,809,554
583,658,646,649,692,764,701,786,854,770,610,591,737,666,718,739,692,816,553
590,659,638,654,667,762,699,813,826,769,604,589,735,662,719,761,675,828,553
601,656,634,660,669,755,699,793,836,764,598,596,707,659,683,752,684,852,552
599,639,636,656,674,735,705,775,843,755,596,597,699,667,659,771,677,867,553
604,646,632,664,683,729,702,814,850,757,596,594,712,670,646,738,698,843,552
608,668,635,672,668,730,704,827,831,751,604,604,757,672,631,746,684,830,553
604,674,642,670,675,719,708,801,860,756,607,601,786,668,618,742,686,828,555
606,668,651,667,668,704,706,827,876,774,604,595,820,671,638,743,712,816,556
600,664,672,672,676,707,706,847,880,790,598,596,830,678,667,732,708,808,557
605,664,658,671,660,713,700,814,854,813,604,593,930,672,708,729,693,829,559
610,617,686,661,658,736,702,837,872,833,611,591,922,676,729,750,702,868,560
605,614,687,668,660,741,694,830,867,844,606,590,886,679,748,768,701,865,562
610,656,687,668,651,704,693,774,863,839,602,594,849,674,729,795,711,873,562
602,642,680,669,636,693,689,757,838,868,599,605,803,671,731,794,694,839,562
602,643,658,664,650,699,686,756,825,845,604,599,793,679,714,781,719,826,561
608,631,654,669,651,724,688,734,805,816,605,604,759,680,719,775,708,824,562
612,631,648,669,665,714,683,728,788,815,605,606,756,679,711,741,698,823,561
611,635,636,663,649,714,686,716,766,802,597,604,758,675,686,735,694,829,562
613,665,633,671,648,714,683,727,762,789,605,607,740,666,695,735,675,855,562
611,650,639,669,668,720,691,724,771,796,612,604,806,670,671,734,671,865,562
606,645,642,663,704,729,691,718,768,790,615,602,922,677,662,740,652,835,563
618,648,635,665,687,735,694,714,772,772,605,599,873,682,658,769,639,830,562
607,659,652,667,657,738,693,713,769,778,598,600,873,670,644,782,650,839,562
604,659,658,666,672,747,690,706,772,771,598,592,893,681,641,770,655,835,562
606,661,637,661,667,756,692,702,797,768,606,602,831,677,650,748,657,836,561
606,647,670,668,651,739,690,708,819,776,606,592,845,677,658,777,646,862,562
611,654,671,670,667,738,698,708,848,798,605,594,793,652,668,776,666,875,562
609,636,681,667,664,730,702,708,842,793,599,609,766,674,695,775,669,877,562
605,651,678,667,669,731,707,713,855,863,610,615,782,664,710,769,657,836,562
604,649,676,656,642,716,711,700,865,847,614,619,789,665,703,731,678,837,563
605,654,668,656,652,715,713,701,869,863,611,622,852,668,709,760,684,838,562
604,641,680,650,638,701,713,702,855,841,602,616,881,663,689,752,666,830,562
609,640,667,644,642,706,712,698,852,816,607,627,837,684,685,744,692,835,562
612,632,661,640,652,715,710,694,862,815,613,616,896,661,680,732,691,858,563
602,643,666,639,654,726,713,684,873,801,604,617,876,658,663,714,669,883,563
604,631,664,642,667,744,704,667,881,773,595,609,875,664,651,709,694,877,562
605,646,668,642,663,739,705,660,855,783,590,606,854,658,659,719,687,887,562
618,633,658,640,677,739,701,657,872,759,592,613,812,657,662,797,665,849,562
611,634,678,647,680,719,703,655,876,748,595,621,820,649,648,807,689,847,561
616,641,709,654,677,704,700,657,882,755,585,600,818,656,654,814,693,831,560
607,639,737,654,663,703,702,655,852,776,582,601,826,650,657,824,671,824,561
606,625,740,658,659,713,700,661,845,775,579,592,845,651,654,802,682,817,561
603,634,727,658,652,725,699,671,867,803,582,590,864,650,691,765,705,854,560
607,621,704,658,634,772,697,693,882,803,582,585,877,650,692,762,708,881,560
607,622,684,663,645,761,699,699,875,794,580,584,850,652,680,729,687,890,562
611,634,669,660,636,721,702,746,866,795,576,579,863,648,686,727,725,896,562
603,632,653,661,630,702,710,782,884,777,576,594,855,636,669,715,726,877,562
606,641,649,664,654,701,716,782,885,768,578,595,844,657,651,685,696,863,565
612,623,642,666,669,715,720,793,865,753,576,596,897,648,646,703,714,850,567
611,624,641,659,682,745,717,812,850,709,571,589,926,647,630,699,712,840,565
621,630,635,658,665,735,719,815,865,696,569,593,891,647,628,719,726,835,566
621,636,623,667,662,743,718,765,867,680,565,600,901,648,631,760,710,884,567
612,639,643,668,658,771,716,739,865,697,572,600,896,650,638,767,700,883,566
614,643,669,671,646,748,711,746,840,742,575,598,883,657,635,786,721,883,566
614,633,703,673,633,724,715,749,852,838,577,590,874,656,646,798,711,854,565
609,636,726,664,635,703,712,751,861,861,570,597,843,655,651,848,687,836,565
613,647,761,663,651,697,711,763,854,855,575,596,806,657,641,833,692,851,564
614,648,772,655,645,693,710,790,836,881,587,593,820,657,637,812,705,873,562
609,653,743,651,636,700,712,805,862,876,586,592,786,662,619,773,692,876,561
614,630,749,649,654,710,711,804,865,829,585,596,811,657,618,785,687,856,561
613,644,764,643,677,702,721,795,855,813,579,597,871,655,635,818,685,825,561
602,648,743,634,666,687,724,801,863,802,577,598,831,647,651,848,696,832,562
599,644,745,642,659,675,724,801,873,781,584,595,872,647,651,832,692,830,561
602,648,764,639,655,680,722,777,876,789,588,596,896,649,681,804,682,849,561
603,637,758,642,675,684,715,810,843,789,590,594,907,647,687,769,685,853,561
597,645,733,642,662,687,704,816,863,782,585,600,841,651,676,772,683,848,560
599,642,713,639,644,685,709,822,859,781,592,600,819,641,675,793,683,833,560
597,640,717,641,646,685,708,822,868,780,600,611,790,641,652,844,683,816,562
601,641,721,640,653,685,699,792,848,764,602,610,787,646,652,865,678,824,561
602,623,726,646,629,677,706,814,857,758,600,608,818,647,634,841,686,823,564
600,642,751,641,631,677,700,823,871,742,596,621,825,647,629,804,691,834,561
594,635,756,637,631,676,694,805,882,738,592,613,863,645,618,777,687,843,562
588,639,739,639,646,674,694,818,872,729,597,621,891,648,612,776,676,844,559
586,628,768,643,643,677,687,815,855,752,593,608,867,654,604,792,670,817,557
589,646,737,640,631,675,690,808,867,773,593,605,855,649,614,825,669,812,558
586,643,746,642,649,664,688,811,871,810,588,599,866,649,610,860,688,796,556
586,630,747,646,661,647,687,815,865,854,581,592,828,646,608,840,712,801,559
581,628,731,649,649,643,680,816,843,882,587,584,871,643,625,829,713,789,559
577,633,756,646,639,647,675,826,861,860,584,585,840,647,621,825,717,811,562
581,644,761,651,653,648,680,807,874,873,579,574,855,649,626,807,714,827,565
584,647,742,653,671,662,683,813,873,856,573,577,853,647,638,819,693,797,568
578,643,759,647,652,667,687,818,853,822,579,579,822,643,642,826,663,771,568
578,633,753,650,644,679,689,816,876,801,584,577,860,646,646,829,661,757,569
578,646,736,656,647,679,690,797,874,793,582,581,817,649,663,820,679,771,570
577,646,768,655,655,679,687,812,873,800,579,586,872,656,650,785,685,818,569
578,647,764,652,636,683,691,808,849,810,575,593,877,655,639,800,663,757,566
573,628,733,661,629,696,694,789,872,821,579,589,895,658,642,805,676,739,567
575,630,753,657,632,699,691,797,873,831,586,586,880,657,630,801,715,759,563
570,644,746,656,634,702,688,823,870,827,585,594,856,662,623,803,725,761,563
558,652,727,658,629,710,692,808,848,796,586,600,836,658,639,842,731,739,563
549,650,753,665,628,703,691,806,869,780,588,600,807,659,662,796,726,744,562
552,652,745,669,639,698,689,775,879,773,598,594,794,658,662,755,707,882,562
562,645,741,672,633,698,683,757,890,812,598,592,847,659,669,761,709,845,564
567,641,770,682,621,695,682,747,866,828,603,593,853,656,661,752,705,843,563
576,646,769,687,628,691,679,729,877,855,603,590,859,653,659,727,712,787,566
579,627,755,682,643,694,674,745,890,867,605,582,835,652,641,750,685,774,567
583,626,775,673,637,700,670,725,885,861,605,578,788,635,649,742,714,750,567
582,626,794,672,632,695,672,705,850,813,599,580,799,632,642,776,701,741,571
587,634,774,670,642,696,674,691,857,793,593,577,775,636,643,783,699,753,569
591,631,769,662,650,688,673,686,860,767,580,577,755,631,654,783,698,788,573
595,647,810,660,645,703,678,686,863,745,579,577,747,627,646,760,700,770,571
603,629,827,665,662,702,681,687,840,728,576,569,734,624,660,731,742,758,569
610,639,796,667,653,725,686,684,861,734,577,571,769,625,686,729,745,753,570
613,636,822,669,658,730,682,696,873,735,577,567,755,641,663,743,751,840,569
617,646,783,665,652,738,691,682,886,740,572,566,772,631,672,755,727,872,566
616,638,764,671,643,758,696,708,862,753,585,567,759,631,665,760,731,882,570
618,625,790,670,635,778,699,720,864,770,604,568,747,619,658,757,716,886,568
622,625,781,665,616,753,700,743,848,780,610,566,735,622,663,761,733,807,566
620,627,744,675,617,755,699,771,836,765,616,563,718,630,659,728,729,794,566
619,633,757,675,627,750,698,795,801,774,612,566,739,632,655,722,719,775,563
620,638,755,673,631,746,696,818,775,770,624,565,732,628,671,722,707,778,562
627,643,728,674,646,735,690,851,755,770,629,562,758,630,679,750,729,822,561
625,626,737,678,633,737,702,832,756,762,618,560,754,625,681,759,723,872,561
619,630,737,678,625,738,696,850,736,762,610,557,813,623,709,725,704,896,560
625,639,723,676,608,723,702,846,724,754,613,562,823,627,705,723,724,847,561
619,627,746,680,605,748,701,840,709,739,618,575,841,633,687,748,729,806,560
619,641,754,679,607,729,705,828,692,736,607,578,894,630,696,787,699,854,561
620,623,758,680,604,737,704,831,679,748,597,587,879,634,688,839,726,849,561
611,623,749,681,613,731,701,830,675,773,590,593,888,623,676,860,746,818,561
614,627,738,680,616,729,700,809,655,773,588,595,892,629,672,866,718,781,559
614,630,720,678,630,739,695,822,646,772,584,596,819,642,662,810,719,771,558
621,624,700,673,616,741,697,830,642,773,578,596,713,644,655,781,743,787,559
625,617,692,678,616,741,690,814,642,761,574,602,785,643,668,789,730,912,558
614,610,686,675,631,732,690,844,650,739,572,600,777,643,664,793,703,888,557
622,611,681,681,627,749,686,862,671,705,582,602,806,639,670,798,710,849,558
614,611,674,671,619,750,683,854,702,692,585,594,895,636,670,775,711,856,560
619,618,688,673,608,729,675,823,756,690,587,595,932,646,672,794,720,918,558
613,614,700,679,609,735,686,834,789,696,584,607,921,646,682,792,722,895,560
623,607,696,679,647,741,687,823,842,718,599,607,956,644,691,780,702,824,560
625,607,712,679,653,727,692,826,823,750,609,597,917,638,685,750,688,790,559
612,606,734,674,655,736,696,849,832,782,609,601,898,642,679,757,671,796,559
615,615,750,684,641,749,705,854,840,802,604,602,898,643,693,763,679,819,559
611,621,747,680,652,729,712,855,851,780,600,607,869,641,680,854,687,823,560
615,623,781,674,679,722,716,855,855,785,608,598,894,645,668,855,688,784,557
625,628,807,676,686,710,712,844,863,782,615,600,893,640,665,837,669,769,558
622,621,779,676,645,705,717,824,831,800,612,600,939,642,648,817,675,798,560
611,616,804,673,628,696,716,845,843,784,604,601,914,649,653,821,682,824,559
617,626,811,677,614,700,715,843,842,794,593,591,908,647,682,812,715,801,561
617,633,787,681,612,694,708,820,844,793,596,586,852,649,691,814,741,771,562
626,636,797,679,606,699,712,839,838,791,593,578,809,656,697,798,733,745,560
636,620,771,675,612,716,709,839,817,789,591,571,820,656,716,794,720,841,559
630,614,760,680,634,734,714,856,838,801,586,574,854,660,729,778,712,817,562
608,625,779,686,673,729,712,858,844,805,582,575,845,646,729,788,704,789,562
603,627,753,686,677,746,713,867,856,793,589,572,880,648,740,804,703,789,562
607,632,734,678,651,737,715,849,870,775,591,578,920,643,750,817,682,769,562
626,644,732,679,639,735,708,850,854,764,583,589,875,645,713,784,668,758,562
623,626,729,676,639,738,706,851,857,770,585,585,867,654,713,786,675,745,562
635,621,733,666,630,744,705,832,855,773,586,585,829,654,694,796,682,770,561
641,617,723,667,635,734,698,849,853,762,593,589,819,655,674,769,673,784,562
643,628,762,673,623,744,700,848,854,738,588,580,860,647,670,746,658,771,562
645,630,812,668,612,748,693,818,841,737,583,576,873,654,663,750,667,752,562
649,632,787,665,606,765,696,838,854,763,582,574,886,653,661,775,704,743,565
647,628,784,671,595,775,692,834,864,791,584,566,922,643,674,806,748,751,565
647,614,785,666,592,790,697,812,869,796,581,565,889,646,704,835,773,798,564
636,616,754,662,586,739,698,830,878,788,571,560,948,662,715,850,780,846,569
632,630,766,663,582,738,706,846,851,786,570,560,965,655,738,831,759,861,570
640,622,771,663,580,742,711,830,865,809,571,558,900,665,744,837,778,828,571
638,641,750,664,564,771,709,818,881,818,572,555,965,665,719,829,768,827,573
648,637,759,658,575,785,711,847,901,804,574,562,953,665,724,821,765,785,575
641,628,753,666,572,787,709,825,913,777,572,561,887,667,700,824,747,766,576
645,624,729,667,584,776,712,819,888,786,582,567,896,663,689,818,710,762,576
638,630,746,661,605,767,705,836,885,770,585,563,879,657,685,819,696,765,575
638,630,759,668,615,733,706,812,883,753,586,566,883,656,675,799,709,789,575
633,623,745,667,609,729,707,807,883,764,584,567,918,645,683,786,716,847,574
633,617,770,670,629,721,705,813,884,777,584,562,935,637,683,786,722,825,573
628,618,782,666,644,730,708,810,859,788,584,562,910,651,676,766,713,807,574
623,623,772,671,650,725,699,796,859,816,578,562,895,648,698,738,702,798,571
654,623,774,670,642,718,697,807,858,826,572,561,812,659,704,777,725,771,571
634,629,784,665,630,706,698,828,865,828,573,563,766,645,705,779,731,780,570
641,623,760,668,664,703,701,820,869,788,571,565,780,659,724,823,745,771,570
625,618,776,667,670,694,705,822,845,795,569,572,786,654,712,816,713,767,568
626,623,781,657,651,686,703,831,844,792,565,572,799,656,690,763,695,771,571
626,637,758,657,639,684,705,811,852,764,566,584,857,662,690,724,707,819,571
623,639,767,660,654,680,701,790,859,761,571,585,864,657,683,719,727,812,571
625,641,783,656,644,681,702,765,875,755,566,595,836,647,666,755,737,825,572
623,637,764,654,648,686,709,762,861,750,565,600,860,651,670,803,735,819,575
627,639,785,659,663,683,706,752,885,769,562,601,847,651,671,834,705,786,575
628,634,789,655,664,684,707,763,905,787,570,601,804,652,664,808,704,759,576
630,647,754,649,683,680,706,757,901,793,571,603,795,648,687,802,713,746,577
623,648,768,653,679,672,709,735,896,809,575,603,778,649,703,819,716,752,578
620,646,771,662,684,658,714,727,849,808,570,604,815,638,701,820,733,771,577
622,635,759,662,668,664,718,738,852,792,572,598,835,638,727,791,724,780,577
620,644,760,660,640,677,720,729,853,767,580,600,841,647,732,788,707,776,579
617,605,755,668,641,707,720,727,863,772,589,599,784,641,741,798,697,756,582
620,610,733,674,624,744,726,735,868,758,585,598,765,635,756,805,715,766,581
627,628,744,674,641,727,731,763,844,771,582,595,740,658,728,828,726,751,584
624,643,759,668,651,714,725,755,860,759,578,594,724,645,742,795,735,746,582
617,631,750,673,668,719,721,758,875,719,583,598,708,653,708,783,728,758,585
616,639,754,673,680,719,722,790,883,718,584,590,706,654,689,823,714,758,584
618,637,764,675,681,708,724,782,867,717,586,588,733,652,669,823,689,753,586
621,644,749,667,670,706,722,784,857,711,581,593,767,653,639,839,685,840,586
621,647,742,670,663,708,721,807,872,712,574,600,846,663,631,857,674,878,586
614,647,752,668,665,728,722,810,875,730,579,602,849,665,657,829,667,888,584
619,648,752,662,669,717,714,822,865,742,579,600,836,672,684,825,667,864,582
615,649,729,663,662,698,721,830,837,750,581,604,848,657,720,791,650,824,586
615,651,721,665,655,686,719,812,850,762,573,601,838,664,763,771,649,804,583
624,637,707,665,643,684,713,828,857,762,567,598,825,668,769,750,657,786,582
624,645,699,658,625,701,721,827,866,749,564,592,852,676,775,723,704,779,582
625,666,701,664,617,706,716,814,851,749,568,588,874,676,769,716,764,799,579
621,675,696,669,613,724,727,827,853,765,571,588,899,677,739,721,774,888,578
619,675,691,664,601,734,720,818,870,764,564,589,937,672,721,773,799,893,578
622,663,709,661,592,723,723,818,869,779,562,577,935,679,698,811,758,892,575
625,656,739,673,596,709,721,824,860,771,558,571,945,683,691,814,774,868,574
629,654,760,681,599,693,722,818,839,747,557,562,926,685,690,796,760,847,573
624,645,758,683,603,690,729,795,857,751,562,559,960,688,695,797,744,818,571
627,639,772,680,671,709,725,785,861,741,560,555,908,673,731,833,716,800,569
627,668,754,683,705,709,729,804,873,748,560,560,863,676,752,829,688,801,568
626,665,750,686,701,710,721,794,847,779,565,561,845,686,761,787,692,802,565
623,663,746,689,691,707,717,785,846,800,569,557,817,687,749,781,690,803,562
615,649,718,679,671,697,714,806,860,799,570,558,821,688,724,808,686,849,559
613,646,716,676,703,695,711,819,868,823,568,559,881,684,725,808,666,896,556
607,666,715,678,702,695,704,813,868,808,569,558,964,674,714,803,665,873,556
604,669,706,674,704,687,694,797,839,812,569,560,954,679,703,777,671,871,554
604,663,713,667,701,679,692,824,854,795,564,562,953,682,710,794,686,846,555
600,657,737,667,705,671,685,804,857,773,565,563,893,674,733,784,693,844,556
608,643,749,672,703,666,687,805,867,774,564,559,914,667,720,791,685,824,558
605,645,747,676,686,671,685,824,851,743,563,559,898,672,736,772,676,814,560
595,654,759,677,657,671,685,819,858,727,570,559,928,662,739,726,680,813,562
586,653,761,677,657,670,688,814,872,729,570,558,945,659,729,749,701,826,565
588,652,738,670,647,668,687,828,882,747,564,562,929,656,734,764,706,879,567
594,645,745,674,651,680,684,823,871,774,562,562,919,656,729,787,698,886,570
590,628,729,671,658,685,684,806,862,786,561,563,896,658,734,804,681,874,572
592,634,716,665,651,692,681,815,865,786,562,563,925,669,734,787,678,865,575
585,655,739,669,663,704,681,818,854,753,565,564,900,671,728,763,683,866,576
573,644,729,674,679,712,680,796,829,759,561,565,921,670,708,772,685,857,577
571,643,718,670,687,706,678,806,820,759,559,560,884,675,712,768,691,851,578
577,637,736,666,681,710,681,823,839,772,556,561,845,675,698,792,680,835,578
583,623,731,673,689,716,681,824,859,799,558,559,860,679,687,786,674,835,576
588,626,721,674,692,710,686,802,878,815,569,557,828,686,697,766,676,834,577
588,637,743,676,705,710,687,770,865,822,569,556,823,682,696,783,680,881,576
579,638,746,671,705,723,692,760,881,807,567,557,832,677,705,796,690,878,575
574,638,735,678,673,719,699,756,884,780,565,560,829,691,728,811,685,887,570
580,646,745,678,654,702,700,747,883,781,564,553,824,679,743,795,669,903,568
588,635,743,684,645,704,702,744,859,759,569,555,799,675,717,789,672,890,568
579,649,733,677,619,698,709,729,868,758,578,550,813,672,728,769,670,854,564
635,651,732,682,614,686,707,727,874,749,577,553,810,674,717,764,670,850,565
570,638,718,686,610,680,714,749,867,773,573,552,810,686,701,752,663,824,566
551,649,691,684,630,682,704,743,840,798,573,558,840,688,699,744,652,812,566
555,641,679,682,716,695,707,733,854,837,568,568,838,696,687,752,656,812,564
556,634,666,682,695,702,705,720,874,812,571,562,833,703,710,762,672,831,566
576,651,658,693,699,719,707,695,890,806,570,564,845,699,714,752,671,878,567
590,644,660,689,730,732,709,694,869,816,563,570,827,685,723,758,675,880,567
620,655,664,685,718,750,704,682,863,810,561,572,824,694,745,790,662,875,568
605,636,686,692,704,755,706,691,875,797,555,577,823,697,731,806,661,820,567
606,627,710,689,693,765,701,705,873,762,560,581,838,689,721,805,669,785,569
608,635,728,684,672,768,714,763,865,750,562,581,883,710,741,790,679,761,570
602,630,728,681,671,774,708,793,833,730,562,581,896,692,744,753,687,786,570
613,638,761,685,673,781,712,833,844,745,565,577,867,698,747,730,669,811,572
612,640,762,675,685,727,717,837,853,766,562,580,877,702,746,742,683,925,572
614,634,749,672,690,697,721,860,852,799,564,577,881,704,716,752,688,840,572
614,625,774,677,672,687,736,855,830,797,572,571,877,669,706,801,686,781,571
619,631,778,677,674,684,729,819,844,803,580,562,921,691,700,815,667,742,572
615,641,755,671,695,692,729,801,865,800,579,562,940,682,687,826,679,742,571
617,639,771,677,684,709,726,795,870,795,578,564,901,679,681,802,670,812,573
620,635,765,680,696,731,726,799,859,763,575,564,924,677,684,783,651,853,571
614,621,747,679,687,781,719,808,867,751,576,564,872,683,675,756,652,819,571
612,619,760,676,689,796,716,798,884,743,583,565,882,680,689,735,648,920,575
603,628,757,678,673,803,714,806,896,743,581,567,891,661,721,735,675,850,572
612,644,749,683,666,832,712,790,874,767,583,570,935,663,744,739,692,852,574
618,657,742,676,653,805,712,789,879,800,580,578,871,666,750,752,689,797,574
628,638,726,678,642,782,711,782,870,832,583,585,909,679,731,801,684,763,572
628,633,712,682,630,761,714,762,844,821,584,593,902,660,710,828,689,751,574
621,641,701,678,632,764,712,729,813,836,577,601,885,658,698,849,713,794,572
614,652,681,677,643,744,715,757,787,821,572,605,887,676,701,867,715,862,573
612,654,680,685,675,728,716,736,764,802,572,603,862,663,722,848,700,850,574
595,655,674,683,672,725,713,711,748,793,575,608,918,671,747,827,705,813,572
585,647,680,681,690,729,718,702,746,779,578,626,915,673,745,817,717,849,573
578,654,675,676,714,731,718,718,749,775,571,612,896,681,769,803,711,813,574
568,608,684,686,709,767,719,728,785,756,574,602,885,676,758,793,692,794,575
557,610,692,687,652,802,719,726,819,740,576,600,871,675,771,799,698,776,574
554,636,712,689,637,810,719,726,812,751,572,591,856,673,754,780,701,779,579
560,632,737,679,633,788,711,727,834,771,566,591,870,668,733,779,718,820,581
566,623,750,679,631,757,705,729,852,769,562,592,842,665,720,781,694,901,582
581,621,776,681,638,729,693,716,882,761,562,592,834,661,695,797,683,886,582
583,641,751,678,643,729,690,725,868,786,560,583,854,645,677,804,685,870,582
600,639,731,673,677,734,684,771,844,798,558,586,833,645,692,798,692,836,583
607,636,736,675,729,712,676,808,806,795,555,583,819,659,716,797,707,833,581
613,646,732,678,721,703,669,815,813,776,559,594,796,645,726,780,720,810,581
616,636,722,678,720,704,671,824,792,776,562,588,782,628,761,797,711,797,581
615,633,736,672,692,706,673,853,755,764,562,593,786,651,778,827,706,802,584
626,648,738,666,677,710,681,817,739,751,563,599,781,635,743,844,707,812,580
620,647,734,668,670,700,699,842,720,768,570,597,805,632,727,828,697,868,584
617,648,745,668,657,697,707,859,709,778,571,592,843,631,715,804,677,892,586
615,636,765,664,658,695,718,854,694,798,573,594,874,632,691,819,672,861,584
612,629,756,665,643,687,727,826,691,825,578,590,887,637,699,823,658,823,585
619,650,743,664,648,691,742,827,677,829,588,592,881,633,688,819,647,779,588
620,646,750,665,640,684,734,825,675,813,583,587,878,637,679,798,642,756,586
625,644,755,659,636,680,736,816,679,813,584,594,865,623,683,809,668,745,587
616,653,738,659,632,676,731,812,687,801,584,589,860,627,676,812,657,812,587
631,641,729,663,645,660,734,815,701,789,582,586,857,646,671,784,650,816,586
630,659,742,664,639,667,734,830,716,773,577,584,837,638,685,745,665,804,587
629,659,743,656,616,681,719,820,715,771,575,583,827,638,688,748,678,794,587
620,650,731,659,625,696,722,808,742,771,576,577,855,633,685,770,682,776,585
631,646,728,664,609,715,717,801,772,753,575,574,843,642,700,821,688,769,587
622,649,735,662,609,723,717,806,782,757,571,572,881,633,709,811,709,809,586
626,646,767,659,609,735,712,814,805,749,574,574,894,637,705,774,704,863,584
631,666,784,670,615,728,705,787,833,732,579,577,898,642,724,770,697,862,587
642,662,789,670,620,728,708,781,852,724,574,576,881,641,721,795,700,841,586
633,650,803,663,625,719,710,795,861,727,568,576,854,642,711,814,707,851,584
633,642,819,658,641,702,715,775,858,775,574,579,823,638,728,817,725,830,582
629,635,778,669,666,695,715,760,852,845,577,580,910,646,717,788,728,809,584
611,637,769,667,718,692,712,743,831,854,578,585,918,647,709,745,705,786,583
620,650,757,663,690,695,711,735,806,868,577,590,908,647,717,746,716,774,580
634,632,738,664,715,691,712,732,817,862,571,588,917,646,722,744,722,771,579
628,634,726,670,710,696,718,724,829,841,581,592,899,649,717,775,734,775,578
631,623,712,674,691,698,721,713,838,812,581,592,909,632,738,816,715,806,579
624,616,697,672,677,688,720,714,844,805,578,595,895,628,738,814,717,895,576
624,632,680,669,664,690,724,725,805,793,572,594,841,659,722,809,718,861,577
619,619,655,676,665,699,725,747,806,782,575,599,837,645,737,805,724,878,578
615,636,631,678,671,696,725,743,796,786,581,597,801,644,747,861,729,825,578
613,622,619,675,654,697,716,752,788,793,577,596,781,667,740,867,700,803,574
616,619,626,669,653,704,715,763,765,783,571,600,772,640,758,814,727,787,577
617,617,646,668,645,722,709,778,766,755,576,601,827,638,737,791,719,780,576
614,625,675,669,634,728,711,790,774,763,579,602,825,625,716,790,700,779,573
616,627,697,665,631,735,704,785,788,744,582,592,834,619,715,812,727,810,572
607,622,716,662,620,736,710,807,812,741,580,593,828,615,691,798,743,831,572
607,618,730,668,626,749,710,804,837,741,587,590,824,616,698,811,729,854,573
614,614,718,671,640,760,709,812,859,744,589,590,795,611,717,828,769,829,573
618,627,738,669,635,773,704,820,860,748,584,588,750,608,719,864,764,831,571
616,636,747,666,609,779,704,814,869,733,580,596,757,607,714,844,731,822,573
620,642,731,668,592,784,703,815,879,752,574,597,730,609,726,838,748,779,574
622,639,746,663,581,794,703,802,877,749,579,592,725,608,716,833,747,779,571
615,622,756,669,591,772,709,812,870,763,574,591,780,628,690,820,751,769,570
609,631,739,664,637,760,711,816,852,784,572,593,814,615,684,822,747,775,570
616,623,757,660,647,774,711,809,812,797,564,600,896,621,670,813,734,885,570
613,635,766,658,632,773,710,803,807,808,562,597,953,621,655,774,711,883,571
611,636,747,666,605,774,715,808,794,808,564,600,896,626,644,784,714,827,572
612,638,750,663,596,779,716,833,792,802,563,589,859,639,638,793,688,848,574
611,622,764,659,599,771,717,810,795,791,564,593,852,646,627,849,676,816,573
608,614,763,664,602,750,713,812,789,762,561,598,821,650,629,867,665,781,574
610,616,750,663,617,756,715,829,776,766,561,592,828,658,626,855,679,778,575
602,626,774,661,633,761,706,837,794,758,573,600,841,655,634,857,700,761,576
598,632,779,658,641,788,706,812,806,756,578,597,877,654,669,841,708,756,573
598,629,766,665,648,769,699,825,823,744,578,603,912,656,688,828,699,786,572
604,619,778,669,645,731,694,830,834,747,571,607,905,664,700,821,740,862,571
606,615,775,663,646,716,691,815,835,741,565,602,858,660,721,855,749,892,567
603,615,766,664,628,705,691,807,826,734,562,604,867,661,709,822,765,851,568
606,630,750,671,623,684,687,832,823,738,553,604,846,656,691,797,771,786,567
605,630,757,674,617,681,686,812,866,754,550,610,854,657,681,770,763,780,564
610,636,749,676,611,706,679,796,880,758,553,606,920,662,662,802,722,787,566
610,632,726,670,606,768,676,802,871,760,555,604,950,664,649,844,732,791,565
606,624,704,671,602,768,675,816,836,744,554,609,910,657,655,822,731,781,562
601,620,704,672,600,783,675,801,837,700,556,619,935,656,671,837,716,756,561
601,627,680,664,598,768,677,805,841,683,559,618,878,682,701,849,703,764,561
604,641,674,664,599,772,682,812,844,699,555,615,862,661,753,813,717,830,561
609,648,646,663,592,749,687,817,851,685,553,622,843,667,761,821,702,880,562
606,640,625,661,585,722,691,829,831,704,549,627,844,654,747,839,711,886,562
612,639,623,669,573,729,698,828,826,760,549,618,924,655,766,855,737,915,563
611,633,619,663,572,717,696,812,834,775,554,613,920,664,765,857,720,833,562
614,641,616,667,567,699,700,807,840,746,556,606,878,664,759,815,724,791,562
625,642,626,675,565,673,702,821,851,753,553,603,852,666,784,796,751,769,563
624,651,632,667,574,657,700,798,846,760,551,605,842,660,775,805,776,784,563
622,633,649,672,587,667,699,748,835,776,555,600,819,665,761,828,773,893,563
619,636,683,664,610,670,696,765,853,754,558,593,827,666,760,829,716,869,564
620,639,700,662,623,709,701,767,856,741,562,594,786,675,746,853,743,893,563
630,646,706,656,639,702,697,763,854,734,558,596,794,676,729,848,730,885,563
634,644,717,650,638,683,696,782,831,741,560,584,803,674,717,834,756,818,563
632,647,722,647,641,672,697,799,837,759,562,586,871,666,719,838,786,792,563
626,638,719,651,646,671,700,807,843,729,568,584,911,670,782,830,753,778,564
624,628,719,643,637,683,703,811,850,712,568,588,891,678,786,817,725,819,565
626,645,715,646,631,687,710,821,849,722,565,589,896,673,783,819,700,897,564
626,647,690,641,625,694,708,825,826,713,570,586,848,675,738,818,736,872,563
626,642,685,639,621,702,710,819,842,709,580,585,868,670,738,790,754,832,564
625,642,680,642,627,697,709,834,840,711,581,586,820,673,725,765,756,857,564
623,633,688,647,614,704,714,822,853,719,585,597,836,679,713,759,778,813,565
617,618,693,647,610,697,708,824,836,726,584,587,792,681,722,771,791,815,562
617,639,690,640,618,702,714,839,850,716,584,583,802,684,743,787,767,798,565
617,633,710,644,635,708,708,828,873,714,589,586,801,695,741,854,752,793,565
620,639,710,647,625,709,708,831,885,712,590,577,814,696,763,863,728,871,562
622,643,726,644,623,694,709,832,889,696,586,577,825,695,752,836,733,879,561
613,638,703,642,631,704,708,824,854,679,577,576,811,695,712,824,723,835,559
612,632,719,646,634,681,707,830,866,673,573,574,788,683,700,820,686,830,559
617,636,722,645,628,673,706,826,875,690,575,575,803,683,687,794,701,797,559
624,647,712,641,623,662,711,809,876,673,580,575,795,688,678,757,725,793,557
624,623,711,643,621,656,710,826,880,657,583,578,783,687,663,755,765,785,559
611,614,722,652,614,651,716,826,854,656,578,570,787,689,668,732,767,765,560
602,605,721,646,624,662,711,809,872,661,577,565,788,694,674,722,730,778,560
597,598,716,642,612,671,714,808,883,677,569,560,823,687,683,718,729,805,561
596,594,735,646,616,687,716,842,898,692,571,559,862,676,690,726,687,807,562
604,591,747,650,635,698,713,806,890,746,576,576,918,674,713,720,676,800,562
604,592,737,646,631,710,711,787,870,725,573,616,888,684,723,714,672,783,563
609,598,759,647,622,706,709,815,890,691,571,586,930,689,714,792,671,777,564
614,583,764,646,627,717,710,837,897,689,568,580,917,689,704,844,655,757,567
613,580,751,638,633,724,712,833,892,691,570,568,868,690,699,801,664,746,569
622,573,772,639,635,706,711,852,866,700,570,562,878,693,675,756,690,762,572
622,573,729,642,625,699,712,858,884,703,577,560,865,694,675,770,712,756,572
618,575,709,641,624,693,710,839,893,710,574,562,902,687,671,831,744,777,577
623,574,697,640,634,695,718,865,896,696,575,558,900,686,671,845,747,823,577
624,576,695,644,646,698,714,852,869,691,572,556,923,696,672,832,701,819,577
613,582,686,644,635,701,717,838,861,687,578,557,929,693,671,840,701,813,580
620,575,665,644,625,714,712,837,874,671,586,557,884,691,669,812,704,816,578
609,588,670,645,634,728,717,835,875,667,586,562,905,687,676,784,697,844,578
605,605,663,638,638,751,719,823,880,655,586,560,885,695,696,760,669,868,579
609,602,651,646,626,777,713,824,860,660,583,566,882,697,723,769,663,802,579
612,623,667,644,618,792,715,817,881,670,575,566,929,678,735,833,681,799,578
613,606,665,637,624,803,713,811,906,671,580,565,960,694,766,813,718,781,578
609,616,669,636,633,791,708,821,918,673,574,562,942,697,780,775,746,845,578
608,618,692,644,627,778,709,822,896,681,570,563,905,703,774,712,729,851,579
606,621,699,647,632,765,708,812,893,683,570,572,887,689,764,730,775,858,578
612,626,713,647,634,768,706,828,907,693,574,567,960,700,749,744,778,842,580
605,622,729,641,643,758,705,820,913,680,578,571,915,704,745,758,762,833,580
604,611,766,649,629,781,702,801,891,687,581,570,870,680,755,765,782,804,578
604,614,778,653,632,781,702,828,879,690,578,569,841,700,720,781,755,801,578
604,609,766,642,628,743,701,824,891,692,577,571,842,687,707,760,740,787,579
611,612,783,646,645,742,696,814,896,689,587,569,828,676,689,771,723,830,579
605,613,783,643,633,747,699,833,894,699,593,576,797,674,669,758,687,853,580
602,609,761,638,638,779,687,820,874,689,592,577,792,677,664,782,705,845,580
604,622,774,633,636,793,688,812,888,703,584,581,792,684,684,775,712,828,580
604,617,769,634,641,821,692,833,886,698,583,579,771,683,738,758,704,844,579
603,609,750,636,618,786,687,832,879,687,584,581,825,671,774,756,698,827,581
604,602,742,632,610,767,686,815,858,703,589,584,812,671,761,726,725,801,581
600,597,753,632,605,761,692,837,884,733,583,580,808,679,777,733,741,784,581
605,606,767,636,612,752,691,829,896,744,582,581,823,676,784,750,745,805,579
605,605,764,644,620,725,687,812,897,749,582,587,798,703,754,801,717,876,580
606,607,750,640,600,733,687,834,875,743,586,585,826,681,743,817,744,838,577
608,596,742,643,607,751,690,859,894,736,588,592,803,689,729,853,758,849,579
611,599,775,650,602,749,700,857,902,747,591,584,798,678,707,839,771,800,578
615,606,785,655,613,756,697,867,890,749,587,592,825,682,704,803,742,809,578
616,610,764,652,629,728,700,867,859,751,589,590,787,676,693,795,752,814,577
614,612,756,655,625,734,703,858,866,750,592,595,843,688,688,782,767,837,577
617,615,741,661,632,711,698,865,869,739,597,589,813,679,718,791,780,818,578
608,607,723,662,635,698,693,856,873,713,597,590,825,677,729,778,745,812,575
601,612,710,661,657,689,688,819,854,713,589,589,805,679,729,798,736,783,574
598,623,718,665,661,689,683,799,876,715,590,586,906,660,754,772,748,762,573
601,635,706,667,642,688,683,830,892,720,589,594,916,660,773,756,748,756,570
597,644,716,668,646,681,682,822,897,746,595,587,905,672,784,757,729,780,567
599,632,731,661,649,683,685,810,875,778,596,593,885,665,785,720,699,872,567
594,634,729,664,631,683,687,819,888,801,589,594,849,666,776,705,697,841,566
603,625,724,662,622,685,688,837,898,804,587,592,833,659,755,746,734,858,563
595,645,747,651,622,699,688,830,916,790,583,586,795,661,746,798,773,823,562
596,640,739,656,626,715,691,823,892,779,591,583,809,670,744,812,800,840,562
601,649,728,656,627,722,693,854,897,779,598,586,806,676,737,810,775,785,561
598,642,716,655,613,732,694,847,922,765,599,591,830,669,728,834,755,766,562
597,634,699,652,628,729,693,836,934,756,593,594,889,665,737,866,691,766,564
604,638,705,658,635,744,691,854,927,747,590,597,880,663,721,839,708,813,565
600,628,687,666,647,737,687,841,908,747,592,590,878,673,705,838,700,791,567
605,629,686,671,640,737,687,870,925,741,598,598,897,664,687,808,716,786,566
613,632,695,665,625,735,683,864,923,720,604,596,885,658,681,765,725,766,568
607,645,704,666,635,728,687,863,909,718,608,600,896,670,687,743,711,747,567
612,646,703,669,649,719,684,873,887,723,604,597,907,673,692,746,716,745,567
620,639,702,664,651,709,698,847,900,749,599,590,886,671,681,774,786,752,570
606,648,688,662,649,708,705,841,912,778,592,589,887,673,679,804,785,786,570
621,631,696,667,629,696,707,851,921,806,597,586,874,679,670,860,790,836,570
610,638,698,667,647,694,708,846,885,813,602,582,852,675,685,818,770,830,571
614,634,712,661,644,691,699,834,900,812,600,581,882,665,685,783,773,809,574
607,638,717,663,651,690,701,838,915,827,598,582,866,665,682,766,751,805,575
614,637,702,671,641,680,698,836,930,805,597,584,882,671,685,781,745,859,577
611,631,695,672,650,668,700,822,897,796,602,599,914,654,666,792,736,863,579
613,622,686,671,656,670,703,842,913,786,609,611,933,649,669,794,719,861,584
610,631,681,666,674,670,706,843,920,776,614,597,890,644,647,784,720,802,585
615,640,691,671,654,682,706,847,927,766,605,596,897,643,639,743,740,794,584
615,643,699,672,653,680,705,866,899,768,601,595,868,643,639,718,736,814,584
621,645,691,670,649,682,701,869,917,764,596,590,891,645,632,706,739,881,583
613,637,708,665,658,675,701,846,936,745,600,589,892,648,640,706,739,875,578
607,624,722,662,635,669,702,863,945,760,603,591,889,659,661,768,708,836,576
612,634,721,663,641,674,704,845,920,768,600,593,922,665,679,761,739,829,571
610,637,745,661,646,687,711,822,925,764,598,591,903,674,714,809,771,807,569
606,637,767,662,657,691,715,835,924,744,592,598,935,678,714,828,762,787,567
603,641,757,657,650,695,715,855,902,744,586,588,947,663,741,842,758,811,565
603,644,755,659,662,681,703,830,865,743,589,579,926,662,744,840,793,855,563
603,626,780,658,681,674,700,823,891,748,593,572,919,684,733,812,785,829,564
601,641,771,654,681,662,701,854,904,766,598,572,887,677,721,786,751,832,563
612,632,759,653,666,654,699,842,898,768,593,571,883,690,692,750,748,806,562
615,630,762,654,656,648,704,828,888,766,591,567,846,685,682,712,773,789,563
610,621,759,653,687,646,698,855,925,741,584,566,866,689,660,730,773,767,565
607,622,738,658,653,649,696,838,946,763,592,562,838,691,638,710,738,764,566
607,628,741,652,641,659,698,838,957,729,598,556,834,669,640,729,753,829,568
608,631,734,651,636,665,696,850,924,719,598,553,843,667,645,749,784,847,570
606,632,715,652,652,672,694,845,930,729,589,549,846,677,649,715,764,864,579
609,650,725,647,676,681,697,826,952,739,585,546,873,677,674,743,731,811,581
607,640,722,649,683,686,697,844,961,728,578,538,889,677,692,750,739,812,580
608,635,708,647,675,703,697,848,925,735,579,539,884,679,709,763,750,775,583
603,633,732,648,688,693,693,830,918,716,586,539,920,683,717,760,754,771,582
607,631,730,649,692,697,693,828,926,723,590,544,894,686,740,753,713,763,583
615,612,724,650,671,693,696,838,943,699,588,547,874,686,750,729,741,796,583
610,609,745,648,672,686,703,823,919,687,586,556,869,679,752,713,735,838,584
608,614,740,647,669,684,710,820,898,705,587,580,842,673,742,713,766,847,583
608,619,728,646,657,670,707,845,913,716,583,614,846,673,741,691,768,846,580
603,615,750,641,637,658,717,843,924,741,595,613,823,672,734,720,789,802,579
609,619,746,641,635,659,720,819,920,746,594,613,814,691,725,708,764,775,577
608,631,730,638,628,670,724,850,899,754,587,598,809,666,718,721,743,771,578
610,622,748,630,633,681,728,836,917,753,585,583,813,651,705,723,773,802,577
606,616,735,626,631,696,729,816,921,740,577,583,817,651,691,720,745,868,577
606,606,729,629,645,718,730,828,915,758,584,611,811,675,697,737,750,861,577
590,606,740,625,673,716,729,822,877,762,589,608,805,667,692,716,745,858,578
574,605,736,620,685,714,727,820,888,781,592,613,837,675,689,698,733,829,579
561,607,727,620,671,716,720,831,900,759,587,616,825,682,694,720,739,831,579
563,606,733,620,677,713,713,832,921,738,584,605,817,687,729,706,757,804,579
615,618,752,623,672,710,712,818,902,742,579,607,775,677,735,712,776,789,579
576,622,746,624,664,709,713,846,900,724,582,600,754,677,721,702,775,828,579
561,630,735,624,649,700,707,846,922,737,585,603,738,684,712,707,763,861,579
562,614,754,631,650,702,712,811,932,695,584,600,735,679,706,698,756,842,580
576,629,740,634,654,695,712,796,912,713,580,596,727,677,687,702,728,825,578
582,646,726,633,647,698,712,783,897,709,576,593,755,672,662,766,703,830,579
589,650,746,645,642,708,716,778,915,710,570,598,777,678,661,791,683,832,578
591,661,738,643,638,726,716,789,926,736,579,596,850,673,686,789,673,826,577
588,652,724,641,644,738,719,789,930,755,581,595,862,684,725,777,685,815,574
595,644,739,648,646,760,716,775,896,766,583,589,864,683,747,753,687,822,578
602,654,737,652,641,772,715,800,907,748,582,591,871,691,771,731,805,802,577
600,648,772,656,647,777,709,816,908,770,577,589,845,692,768,711,804,856,576
601,648,784,650,650,770,705,812,906,754,583,592,861,702,769,702,805,779,580
603,648,788,663,653,780,699,837,877,736,586,588,852,707,754,757,802,836,577
604,646,780,664,652,782,693,854,892,738,585,589,837,713,719,812,793,815,574
600,650,764,668,650,755,693,833,903,738,583,592,849,718,693,830,779,854,572
608,644,747,668,671,729,691,844,911,720,581,590,838,717,687,827,774,838,571
612,646,743,666,677,720,692,828,887,734,579,589,830,720,661,801,764,839,570
610,639,730,671,663,712,695,822,886,733,587,592,785,718,665,781,760,812,571
608,639,732,660,655,704,703,832,902,721,591,594,748,723,655,761,744,780,569
607,639,729,651,652,732,701,817,905,726,594,602,759,717,646,751,760,782,572
602,637,735,646,653,774,703,808,882,722,594,597,737,701,648,748,731,771,573
601,649,737,643,637,798,701,832,880,740,594,594,723,687,650,758,714,820,571
599,660,744,641,627,820,703,834,898,763,592,598,736,682,660,770,733,798,573
592,646,750,641,622,787,702,825,909,783,598,588,742,674,673,852,784,796,573
581,634,755,643,624,775,698,837,921,817,602,599,725,671,672,843,802,771,573
588,643,770,639,625,781,699,836,893,835,604,582,736,681,687,835,798,860,572
594,651,775,644,624,754,699,830,908,840,600,602,739,687,680,812,760,855,571
594,650,792,640,633,731,701,838,913,836,597,589,738,700,668,797,772,874,571
593,651,805,642,647,712,699,843,894,825,598,585,745,694,664,770,741,869,572
590,641,820,646,647,704,701,815,881,794,607,589,759,692,652,770,709,805,568
585,643,833,637,630,726,703,844,872,773,610,587,753,694,646,769,696,804,568
588,646,806,636,601,757,710,836,885,758,604,595,746,709,650,749,720,778,568
586,638,748,642,609,771,712,823,889,742,602,594,754,720,653,734,751,774,565
576,636,723,638,611,793,709,840,862,746,595,600,739,725,669,724,719,829,566
575,640,740,637,617,825,711,837,860,750,596,590,727,710,692,716,696,839,566
562,622,730,643,607,827,709,813,882,764,604,593,745,709,719,723,698,850,566
558,640,720,643,614,824,710,859,894,803,594,594,732,713,729,753,676,818,566
552,640,737,642,620,832,706,845,878,811,590,599,726,706,741,796,681,837,563
541,646,712,643,622,817,706,835,877,838,586,602,751,709,746,781,698,810,566
538,635,700,643,621,755,711,857,901,830,583,605,738,694,732,741,719,797,567
548,639,687,633,635,768,714,833,918,827,594,599,727,687,720,740,713,799,567
559,641,686,637,650,776,717,837,922,798,602,604,743,687,708,751,693,849,568
578,640,690,638,648,761,717,863,898,788,604,605,715,685,693,772,701,868,570
604,627,675,635,636,752,718,843,915,787,601,591,725,688,683,791,726,873,572
616,626,677,632,642,763,721,826,924,769,595,601,763,686,679,780,758,877,571
610,625,681,637,653,772,722,855,925,768,602,593,798,685,674,774,767,850,573
613,633,667,639,657,760,724,856,883,771,604,595,823,666,722,766,714,845,574
622,636,660,635,635,771,723,834,882,769,609,592,866,677,728,762,701,828,575
627,629,655,666,629,787,726,820,886,781,602,589,880,678,747,753,715,805,574
625,627,651,648,632,771,718,818,881,771,600,591,887,672,753,749,724,788,577
619,631,638,647,637,775,723,801,852,770,606,590,870,670,747,745,735,799,579
613,633,627,654,632,767,719,792,854,769,609,584,849,668,759,760,741,813,581
617,644,637,662,646,734,718,810,854,778,609,582,839,683,774,741,745,785,580
616,632,623,660,660,729,716,795,882,782,602,578,797,667,771,731,741,808,583
621,634,621,663,677,745,718,789,890,762,599,581,807,668,777,734,713,817,582
623,631,615,667,660,737,713,813,893,771,599,581,777,674,780,759,690,890,583
618,645,621,664,640,721,714,810,936,772,599,581,780,678,752,779,697,869,582
610,630,621,661,633,718,712,804,940,760,599,585,853,675,770,797,702,836,582
618,632,615,663,648,711,715,790,948,779,594,592,857,670,774,804,712,834,578
614,628,612,658,638,710,711,774,922,765,585,589,862,675,770,795,687,820,578
618,630,610,659,626,708,708,774,916,762,580,596,894,674,774,746,705,861,577
624,630,622,660,642,710,704,816,926,776,579,605,848,675,765,724,718,873,573
628,623,623,657,660,703,701,797,922,765,585,588,856,692,729,722,736,887,571
627,622,622,659,644,708,703,763,885,757,588,593,808,703,699,726,723,885,568
619,622,626,662,646,697,699,751,898,735,594,591,862,698,684,761,762,889,564
626,625,632,659,633,684,700,740,925,720,610,591,838,693,655,779,786,872,563
634,635,629,652,641,675,700,723,947,735,628,600,842,700,667,783,755,863,562
624,639,635,661,643,672,700,715,911,730,637,592,864,703,725,801,752,856,561
631,617,646,657,624,670,698,709,910,742,638,590,859,703,729,770,774,864,558
634,622,659,658,625,669,707,697,922,736,638,591,888,714,715,762,775,853,559
638,621,660,664,630,676,704,696,921,745,641,592,844,711,718,762,746,862,556
630,628,685,665,634,668,707,717,901,744,641,590,847,702,704,756,766,874,555
659,627,703,661,628,669,707,703,880,718,636,587,823,694,718,777,769,901,553
654,618,704,666,639,666,711,701,892,725,622,593,817,705,724,776,761,885,552
637,610,703,661,654,666,714,699,897,761,617,596,858,717,724,756,748,878,551
623,615,715,658,660,666,717,714,884,809,610,590,881,711,735,729,723,867,554
630,619,706,662,646,663,715,717,856,831,610,590,880,699,729,725,736,875,551
632,624,697,659,650,668,715,716,872,830,609,602,925,691,721,728,715,850,553
645,630,708,660,653,680,719,716,883,835,607,607,903,702,728,734,704,860,554
640,620,708,661,647,680,714,715,888,807,596,610,867,687,728,752,720,868,556
645,623,702,661,641,672,714,744,859,809,590,605,918,682,713,750,727,889,555
646,620,712,660,647,658,719,751,883,788,585,608,873,686,722,747,712,888,557
664,626,717,656,645,654,716,757,897,760,589,610,900,670,705,743,745,881,558
647,626,710,657,637,660,716,769,913,729,593,604,895,667,694,742,754,888,559
641,633,700,658,622,665,716,768,887,724,593,598,882,678,689,737,723,863,557
646,620,704,657,618,674,717,772,883,723,588,597,854,675,666,730,750,855,559
646,621,695,657,617,672,714,788,906,758,582,595,859,677,654,734,768,861,559
638,619,669,652,632,672,718,788,927,806,577,593,886,687,660,723,731,850,558
631,631,663,652,633,668,708,793,916,849,583,594,916,689,652,729,725,841,557
630,625,644,654,636,670,710,795,884,867,588,584,901,694,651,731,737,858,558
628,630,651,651,624,684,710,792,903,854,593,579,907,694,666,748,730,904,559
636,632,647,651,633,683,719,798,912,860,594,578,912,702,687,761,710,900,557
634,642,650,649,639,696,717,786,912,847,591,574,889,677,688,753,729,909,559
634,633,660,648,632,708,718,799,879,816,604,587,828,695,715,746,725,887,559
628,623,672,652,609,706,717,801,887,779,616,589,839,687,724,738,703,869,559
628,619,678,651,605,714,717,781,893,773,622,594,819,683,719,711,720,843,557
624,620,683,650,602,738,711,790,894,764,615,612,835,687,737,698,728,832,556
640,626,705,651,616,749,709,795,869,755,607,619,896,680,735,708,734,812,560
628,616,715,656,624,773,713,798,873,763,603,624,925,678,726,739,705,819,558
617,631,703,657,621,764,715,804,891,806,603,621,957,675,733,747,720,850,556
628,624,721,658,642,760,718,808,900,872,601,631,922,670,713,769,732,875,560
627,621,734,656,652,762,713,790,865,865,593,627,903,664,699,779,739,899,560
624,628,727,648,659,764,712,811,854,846,586,611,899,651,704,771,721,875,561
623,629,728,650,645,744,703,822,876,839,578,598,849,653,701,750,743,860,561
614,628,733,647,622,752,711,808,891,824,579,595,875,652,696,759,753,841,562
616,627,738,641,619,729,709,816,890,803,587,587,842,658,707,765,742,831,564
631,627,744,636,631,741,706,826,863,782,594,577,869,665,704,769,721,828,561
625,625,767,639,639,708,701,817,878,779,586,574,937,671,720,747,726,829,561
613,630,770,633,634,689,705,809,918,811,581,571,920,676,757,726,721,856,563
616,625,749,632,620,705,695,843,932,833,576,567,915,683,750,725,741,883,562
615,636,768,633,621,731,694,845,942,845,575,565,882,687,760,747,735,869,562
620,625,770,642,619,711,690,827,935,876,586,564,896,698,771,771,730,847,564
612,623,742,642,622,725,698,841,958,873,595,567,893,705,765,791,732,837,563
613,622,755,644,622,769,691,859,962,836,601,566,865,704,766,789,735,830,565
614,635,741,645,616,796,686,841,937,827,599,577,908,705,768,792,733,823,564
614,632,725,656,626,833,687,825,901,805,595,585,895,709,768,808,721,831,564
619,629,740,648,646,821,689,841,908,783,596,588,857,709,746,800,706,849,566
619,623,741,653,653,813,686,822,920,758,603,593,868,708,747,801,699,879,564
615,619,734,656,631,762,680,812,915,747,611,591,872,708,724,787,696,866,564
611,624,748,658,635,763,673,840,870,739,607,603,854,706,693,767,691,877,569
623,623,748,661,646,772,671,820,868,760,601,595,868,703,687,744,694,886,567
616,625,736,660,646,761,664,813,878,800,593,595,864,707,687,732,702,853,566
622,620,747,666,629,769,660,831,892,795,602,594,886,690,712,729,729,834,569
616,616,735,670,627,774,658,845,869,844,603,595,862,681,730,744,708,831,568
618,612,708,669,645,774,658,846,891,854,600,590,842,687,771,752,729,846,570
620,616,689,666,656,746,656,848,930,832,591,590,888,686,783,776,740,871,570
626,621,689,672,646,744,659,855,962,826,582,590,901,689,738,770,708,882,568
626,619,678,668,641,739,660,834,950,812,579,586,884,680,717,776,716,858,570
622,620,669,667,650,736,657,845,953,796,583,580,860,692,685,765,730,840,568
618,619,677,671,660,747,664,852,963,766,590,583,839,694,691,738,742,856,565
625,622,678,670,669,771,666,833,969,751,581,583,856,697,661,731,707,852,563
625,624,664,668,652,790,668,822,921,738,576,578,858,695,637,734,728,872,562
627,618,681,664,649,782,669,838,906,744,567,571,842,686,618,749,725,827,568
619,619,688,664,640,777,670,848,907,741,563,573,876,689,604,756,719,813,558
616,614,695,665,644,791,671,829,919,739,568,575,826,687,607,771,692,807,560
610,617,697,664,626,814,672,836,877,764,569,582,826,689,602,775,704,812,558
614,621,718,663,627,825,678,834,889,770,571,578,855,687,602,766,720,830,561
618,621,743,670,637,755,682,809,911,768,568,574,838,692,619,756,707,860,558
613,617,740,670,662,697,682,825,929,755,579,577,794,700,622,758,700,887,561
612,615,743,666,640,668,684,825,910,770,588,579,806,698,629,762,714,837,560
612,622,763,675,623,647,686,833,910,780,592,585,842,704,636,771,720,822,561
615,619,763,669,608,640,687,835,930,746,589,579,838,711,632,756,730,820,561
608,635,743,664,605,646,685,843,921,735,583,581,875,704,627,765,736,827,561
612,629,748,663,597,689,686,827,880,725,579,577,854,703,637,761,730,829,562
614,633,738,666,608,780,684,813,880,727,582,571,869,693,643,752,720,805,562
617,623,740,668,613,784,680,812,896,729,585,570,881,685,649,732,686,797,559
617,624,719,664,616,807,682,803,910,767,582,566,850,687,676,714,699,810,561
617,625,714,674,612,764,683,807,879,800,578,572,885,683,689,701,717,850,562
609,637,710,670,610,756,683,815,886,849,573,572,901,668,681,702,709,887,561
610,634,706,667,606,750,688,805,910,835,576,579,869,677,677,711,691,861,560
612,633,672,668,605,762,688,801,925,832,580,589,886,680,667,748,716,853,561
612,624,672,666,604,771,689,811,910,817,575,590,883,684,654,789,722,831,562
610,623,695,660,591,732,687,811,902,816,575,591,884,687,640,802,701,827,562
607,623,703,661,596,718,691,804,932,798,570,600,907,691,625,793,722,822,562
609,620,711,665,584,707,699,819,940,794,563,607,882,696,623,782,731,849,562
609,634,740,655,585,716,696,797,915,794,564,605,921,694,615,781,732,868,563
610,631,734,657,574,740,693,779,916,787,564,607,924,696,612,782,722,892,563
607,634,753,661,562,745,697,804,935,785,561,596,889,688,628,784,710,888,564
608,634,755,671,566,731,695,812,941,804,557,590,925,686,674,764,725,854,564
613,621,744,666,585,692,693,810,887,827,555,586,896,688,724,756,732,830,564
621,638,750,665,599,688,692,802,885,837,562,582,923,685,736,769,712,819,565
633,638,749,667,604,719,691,813,851,840,563,581,901,678,752,798,688,813,562
608,649,731,662,606,731,689,800,823,845,568,580,862,683,747,795,701,840,562
614,653,727,660,615,752,694,801,795,842,587,573,887,677,750,763,703,854,563
608,648,724,666,628,736,689,812,769,829,565,570,900,677,761,763,696,877,562
614,636,741,665,649,739,688,812,745,802,573,566,851,675,742,772,704,881,562
616,636,740,665,649,738,687,801,725,809,582,562,869,674,759,785,713,853,566
624,643,744,667,652,738,684,826,698,796,582,560,866,677,760,795,696,853,565
625,649,743,675,641,745,683,820,693,775,575,565,870,676,738,776,686,849,568
620,652,771,677,620,733,684,807,675,783,577,571,942,667,739,763,704,853,565
617,645,767,674,609,720,687,795,692,780,589,576,921,665,721,761,706,874,568
617,635,741,672,610,716,687,800,703,810,590,582,894,668,717,767,705,887,569
613,636,767,675,608,702,692,799,719,844,584,584,877,664,720,726,692,896,567
617,639,750,673,597,688,690,793,722,866,578,586,833,662,709,734,711,882,566
613,647,739,672,589,682,691,804,727,878,573,586,817,675,735,760,726,854,569
613,653,770,672,585,674,688,808,738,852,575,589,829,667,744,819,704,831,569
615,639,778,668,581,663,690,788,745,845,573,584,833,651,747,814,687,812,566
614,627,762,665,580,652,687,789,734,840,571,584,852,652,737,792,698,819,568
611,634,785,670,590,643,683,814,700,810,566,581,931,679,726,757,700,849,568
627,640,792,668,600,638,684,801,694,788,561,583,950,675,719,735,688,870,569
628,596,799,668,606,632,678,795,687,780,553,581,912,681,707,729,683,854,567
625,599,764,667,623,629,679,806,687,774,556,582,941,673,698,762,708,829,565
623,628,750,662,603,620,673,811,668,771,557,580,882,675,689,799,721,811,566
626,632,742,656,615,619,669,793,673,762,557,585,854,675,689,809,721,793,567
617,634,756,658,608,617,665,805,664,794,555,580,868,672,682,811,723,801,565
618,642,756,655,600,618,667,812,668,809,551,591,887,664,674,766,761,771,569
616,637,750,651,601,617,665,803,690,812,546,601,861,660,676,743,777,761,569
614,637,730,654,617,616,669,800,720,823,552,608,904,666,673,767,778,752,569
621,638,722,656,605,613,676,826,810,819,556,610,885,665,666,762,765,766,568
624,639,712,656,596,611,683,831,914,801,558,604,857,664,660,746,723,750,570
623,641,733,656,603,604,682,821,998,815,557,604,894,652,660,740,729,804,570
619,654,748,660,619,602,686,836,1018,798,555,594,890,656,654,756,728,873,572
615,650,775,654,622,600,689,847,987,781,569,592,850,660,650,778,705,934,571
608,653,773,652,616,602,688,830,984,749,584,591,847,670,659,790,687,865,571
588,644,762,657,601,607,686,834,992,751,597,589,849,675,654,786,695,840,571
577,639,783,652,604,611,681,846,1014,735,595,578,854,669,653,764,698,814,571
571,650,778,646,601,621,684,846,1014,743,594,580,896,679,661,746,710,805,569
569,643,758,649,614,628,680,839,991,768,586,582,874,682,655,754,691,882,566
565,651,735,647,637,627,676,849,966,805,582,579,885,689,659,779,706,856,565
579,636,713,646,654,630,676,836,949,823,586,575,851,689,672,794,727,896,565
583,633,695,648,667,630,673,816,895,805,590,581,838,676,668,778,740,839,564
589,638,721,652,680,639,673,831,892,803,578,577,829,683,675,744,734,810,562
595,634,758,654,687,640,675,838,902,804,570,576,814,684,682,736,700,791,563
594,631,747,650,688,639,676,809,915,796,562,577,856,699,681,742,701,810,564
593,625,743,654,663,638,687,812,920,781,560,572,873,697,670,766,707,883,562
594,627,730,656,665,640,684,837,888,799,560,572,877,691,667,798,708,872,563
591,620,756,656,671,642,694,847,919,790,562,570,918,680,664,812,711,866,563
594,630,752,658,663,641,694,841,945,755,557,576,866,680,652,821,700,845,564
592,632,723,664,644,631,688,843,963,750,557,574,890,683,646,831,668,837,566
591,632,749,666,646,631,687,845,983,726,554,577,855,683,641,829,668,854,564
587,621,719,664,658,628,693,823,954,714,562,577,840,671,638,799,671,877,565
594,631,739,674,661,630,688,846,961,733,569,574,862,669,640,780,678,899,562
574,617,708,672,646,631,687,851,962,748,569,570,853,675,656,772,694,883,562
568,619,736,666,650,641,687,822,965,761,569,566,893,672,676,765,713,885,562
560,613,723,671,663,645,682,836,894,804,564,563,844,658,695,752,702,867,561
550,611,701,673,666,649,681,842,901,798,565,558,821,668,706,719,680,866,561
543,607,682,667,650,661,679,836,903,794,565,552,825,673,706,718,687,854,562
536,616,663,665,646,661,680,822,915,811,569,547,806,675,700,734,686,886,561
530,619,651,665,658,656,688,840,895,791,570,544,834,675,699,751,697,908,560
536,626,638,656,659,661,686,842,937,786,564,549,812,674,694,748,677,913,558
552,627,646,656,644,673,692,828,977,776,561,547,845,675,677,735,658,860,559
570,631,652,658,659,664,697,831,992,763,556,551,833,676,674,724,664,834,560
602,616,642,654,665,656,704,819,1003,764,562,556,821,679,656,695,672,821,560
654,621,656,652,684,651,708,813,966,756,565,561,854,666,647,696,674,818,559
667,608,662,660,657,642,712,826,988,753,568,564,842,662,649,713,682,829,560
693,606,665,658,651,652,713,825,1009,763,569,570,869,674,649,734,660,845,562
710,599,671,655,652,660,714,818,1019,775,565,583,827,665,663,783,652,851,563
721,601,660,657,651,663,719,846,977,778,574,584,844,663,684,810,670,846,561
723,590,660,664,628,671,716,813,994,787,570,600,815,651,711,804,661,831,561
729,590,661,659,633,688,721,810,992,803,567,601,815,651,735,785,667,850,563
734,588,658,658,637,676,717,816,991,821,565,613,806,663,742,771,680,879,565
722,586,668,661,662,671,717,790,941,807,563,608,785,663,763,774,681,883,566
726,591,676,663,661,671,711,769,935,809,570,592,806,668,756,818,665,862,570
703,595,659,663,667,681,702,754,947,785,574,596,812,666,733,834,672,836,570
685,598,651,662,684,681,698,742,960,769,574,590,831,651,730,839,681,829,570
729,603,659,666,687,679,689,731,959,758,570,595,808,659,716,798,684,866,573
726,599,646,663,664,682,688,722,928,768,563,588,850,664,699,771,665,854,576
713,596,644,659,680,680,684,711,955,773,568,587,836,669,703,761,687,838,576
691,602,633,663,687,672,687,709,962,771,573,593,829,650,715,768,712,822,579
717,610,646,666,692,669,689,717,968,763,575,588,849,654,714,769,710,817,581
714,619,635,661,650,677,696,737,930,764,574,608,833,662,712,789,694,865,586
620,601,682,622,663,677,718,724,911,738,628,580,801,654,608,769,694,876,559
617,593,693,626,651,696,716,717,946,734,631,582,800,661,617,774,691,854,560
615,591,711,633,635,684,711,720,965,729,629,592,827,669,615,778,682,816,562
615,590,731,637,669,677,718,722,975,728,621,581,823,680,621,778,668,837,565
618,599,689,637,678,672,717,756,984,729,620,579,861,687,602,773,655,876,566
618,623,704,642,675,665,713,778,968,747,624,580,848,688,631,763,648,886,566
615,631,684,648,653,658,702,778,1011,754,615,583,855,687,612,754,650,844,567
616,656,683,646,651,656,688,786,1015,775,607,588,867,681,630,748,647,900,564
604,635,662,643,677,649,678,767,942,792,606,582,861,680,634,751,661,910,564
613,664,653,646,655,656,672,760,979,806,608,591,875,681,635,746,651,911,562
609,671,651,644,654,653,670,770,1013,781,604,589,857,679,631,754,651,894,562
